Player_Age,Player_Weight,Player_Height,Previous_Injuries,Training_Intensity,Recovery_Time,Likelihood_of_Injury
24,66,176,1,0.46,5,0
37,71,175,0,0.23,6,1
32,80,186,0,0.61,2,1
28,87,176,1,0.25,4,1
25,85,190,0,0.58,1,1
38,76,207,1,0.36,4,0
24,70,177,0,0.82,2,0
36,79,182,1,0.82,3,1
28,64,184,1,0.48,1,1
28,67,198,1,0.35,1,0
38,90,179,0,0.36,3,0
21,79,172,0,0.81,4,0
25,72,167,1,0.33,5,0
20,83,179,0,0.21,4,0
39,88,176,1,0.08,2,1
38,71,200,1,0.47,6,1
19,71,198,0,0.48,5,1
29,69,170,1,0.84,4,1
23,85,173,0,0.22,6,0
19,85,181,1,0.38,6,1
38,89,194,0,0.81,3,0
18,85,181,1,0.82,2,0
29,59,174,1,0.38,2,0
39,78,179,0,0.46,2,0
29,64,174,1,0.30,5,0
34,70,186,1,0.93,1,0
27,77,173,0,0.12,5,0
33,83,175,1,0.93,4,1
32,66,192,0,0.68,6,0
32,52,172,1,0.53,6,1
36,77,166,0,0.03,1,1
29,101,181,1,0.48,4,0
37,73,176,1,0.41,1,0
20,75,185,1,0.16,6,1
22,93,183,0,0.66,5,1
36,81,180,0,0.97,2,1
24,77,179,0,0.56,6,1
38,79,173,0,0.71,3,0
26,78,181,1,0.07,2,0
24,64,189,1,0.42,6,0
35,62,170,0,0.12,5,1
21,94,180,0,0.61,1,0
31,77,190,0,0.94,2,1
35,76,185,1,0.66,5,0
26,74,193,0,0.08,4,1
38,83,174,0,0.35,3,0
19,100,162,1,0.55,2,0
37,80,182,1,0.40,1,1
32,69,184,0,0.83,4,1
24,74,194,1,0.81,5,1
29,86,192,0,0.61,3,1
25,69,185,1,0.37,1,1
32,84,188,0,0.26,5,0
20,52,178,0,0.11,5,1
31,73,168,0,0.35,2,0
34,81,181,0,0.41,2,0
21,88,190,1,0.68,1,0
35,67,187,1,0.66,6,0
25,60,188,1,0.07,6,0
21,72,176,1,0.40,5,1
19,64,177,0,0.18,2,1
23,74,185,0,0.16,3,0
39,75,175,1,0.83,3,0
27,62,175,1,0.04,5,1
21,83,183,1,0.42,2,1
39,73,188,1,0.17,1,0
35,86,178,1,0.88,1,1
29,57,168,0,0.56,1,1
19,65,173,0,0.23,3,1
27,80,182,0,0.50,2,0
21,67,182,1,0.73,2,1
31,73,182,1,0.96,3,0
33,75,185,1,0.22,1,0
32,77,180,1,0.89,1,0
25,68,183,0,0.93,5,0
31,76,180,0,0.92,6,0
25,67,191,1,0.64,4,1
38,82,194,0,0.63,6,0
33,74,168,0,0.40,2,0
30,77,177,1,0.75,2,0
35,101,180,1,0.53,2,1
32,64,177,1,0.68,6,1
38,89,198,1,0.43,4,1
30,48,182,1,0.73,5,1
26,54,172,1,0.82,6,1
32,63,186,0,0.15,4,1
30,63,183,0,0.83,1,1
18,77,183,1,0.54,1,0
24,78,198,0,0.84,2,0
26,72,184,1,0.43,3,1
18,74,177,1,0.38,2,0
29,80,160,1,0.92,3,0
25,83,178,1,0.25,4,1
28,62,193,0,0.84,1,0
36,71,179,1,0.48,6,0
34,74,158,0,0.51,3,1
25,80,175,1,0.31,4,0
20,67,190,1,0.57,1,1
20,74,185,1,0.33,6,1
18,75,172,0,0.04,3,0
22,68,174,1,0.27,2,0
27,68,176,1,0.01,2,0
24,76,173,1,0.98,2,1
26,74,160,0,0.97,4,1
24,80,188,0,0.40,2,1
26,64,193,0,0.73,5,0
25,71,165,1,0.35,1,0
29,73,192,0,0.67,4,1
19,83,179,1,0.81,6,0
18,66,192,0,0.95,2,0
33,77,180,0,0.40,1,1
22,78,181,1,0.78,3,1
20,91,184,0,0.27,2,0
29,65,172,1,0.99,1,1
25,68,192,1,0.03,5,0
39,66,169,0,0.60,3,1
20,58,176,1,0.66,5,1
18,93,185,1,0.69,6,1
20,63,175,0,0.12,1,0
22,67,188,0,0.94,5,0
32,88,194,1,0.18,6,1
31,57,190,0,0.62,1,1
20,83,161,1,0.22,1,1
18,61,181,1,0.31,5,0
22,87,190,0,0.55,1,1
31,53,167,0,0.42,2,1
24,57,187,0,0.16,1,1
26,70,187,0,0.17,4,1
32,85,168,1,0.42,6,0
32,75,188,1,0.76,1,0
27,72,183,0,0.90,4,1
30,88,187,0,0.08,1,0
36,97,170,1,0.39,1,0
24,82,182,1,0.10,5,0
34,69,163,1,0.02,2,1
37,71,157,1,0.66,6,0
21,62,181,0,0.60,2,0
22,76,191,1,0.16,3,0
24,59,183,1,0.23,5,1
30,81,179,0,0.02,5,1
32,95,178,1,0.83,2,0
28,82,171,1,0.97,5,0
21,70,178,0,0.14,2,1
30,80,184,0,0.23,5,1
24,91,176,0,0.87,1,0
36,91,188,1,0.93,2,0
39,65,182,1,0.42,2,1
19,80,183,0,0.05,4,1
27,73,189,0,0.04,5,0
30,83,175,1,0.57,5,1
38,79,187,0,0.39,2,0
23,51,176,0,0.03,1,0
29,72,183,0,0.58,1,0
29,77,174,1,0.01,6,1
37,61,171,1,0.79,1,0
28,81,181,1,0.31,5,0
24,60,161,1,0.04,4,1
18,67,177,1,0.59,2,1
18,88,164,1,0.40,3,0
37,66,188,0,0.97,4,0
30,81,191,1,0.54,3,1
26,57,171,1,0.28,4,1
20,96,184,0,0.71,1,1
24,72,189,1,0.27,5,0
23,76,189,1,0.90,3,0
25,77,182,0,0.37,4,0
26,81,187,0,0.55,5,1
22,60,174,0,0.05,3,0
18,75,181,1,0.43,2,1
36,68,175,0,0.83,4,0
27,58,173,1,0.81,2,1
29,85,180,1,0.22,1,0
32,71,183,1,0.23,2,0
39,77,192,1,0.82,2,1
26,77,183,0,0.93,6,1
37,72,186,0,0.10,4,0
34,95,187,1,0.45,1,1
34,75,207,0,0.34,2,1
37,59,162,1,0.87,5,0
29,71,173,1,0.08,3,1
24,80,195,1,0.21,2,0
19,80,176,0,0.75,1,0
20,64,189,1,0.05,2,1
34,84,182,1,0.49,3,1
22,57,201,0,0.44,1,0
34,86,169,0,0.33,4,0
34,62,192,0,0.39,1,0
34,73,197,0,0.53,4,0
19,86,170,1,0.16,1,0
19,76,188,0,0.57,3,0
39,83,170,1,0.81,3,1
22,81,180,0,0.76,1,1
18,88,177,0,0.15,2,1
18,86,156,0,0.15,3,0
36,70,184,0,0.27,4,1
19,81,181,0,0.36,4,0
38,60,195,0,0.41,5,0
29,74,186,1,0.68,6,1
23,83,203,0,0.06,6,0
21,76,181,0,0.03,6,0
28,79,179,0,0.39,4,0
34,73,178,0,0.70,5,0
23,86,176,1,0.19,6,0
22,74,158,0,0.64,6,0
37,70,178,0,0.26,1,1
19,84,159,0,0.89,1,0
23,61,185,0,0.90,1,0
39,80,168,1,0.30,2,0
28,65,171,0,0.23,6,0
33,88,173,1,0.41,2,1
33,72,178,0,0.24,5,1
18,76,180,1,0.67,4,0
26,79,191,1,0.83,6,0
23,56,174,0,0.67,4,0
33,68,185,0,0.82,1,1
20,85,207,1,0.40,6,1
37,84,184,1,0.16,3,1
21,78,178,0,0.74,2,1
36,62,172,1,0.36,2,0
20,81,178,1,0.67,6,1
36,82,171,1,0.27,1,1
37,75,183,0,0.08,2,0
24,87,181,1,0.99,1,0
37,68,158,1,0.16,5,1
26,70,180,1,0.99,4,1
18,50,191,0,0.98,3,1
25,84,176,0,0.79,4,1
24,78,173,1,0.66,4,0
35,58,166,0,0.58,5,0
25,57,161,1,0.87,2,1
18,66,188,0,0.29,3,1
28,83,178,0,0.47,2,1
35,72,188,1,0.62,6,1
27,67,195,0,0.41,4,1
20,65,189,0,0.43,6,0
24,64,175,0,0.33,1,0
33,56,181,1,0.56,4,0
33,63,174,0,0.85,2,1
37,64,173,0,0.20,4,1
34,82,183,1,0.93,1,0
19,73,172,0,0.69,5,0
18,67,158,0,0.82,6,1
33,98,171,0,0.56,6,0
29,68,177,0,0.78,2,1
22,87,195,0,0.02,4,1
22,91,175,1,0.82,2,0
26,59,185,1,0.04,5,0
26,76,178,0,0.89,4,0
20,70,192,0,0.99,4,1
36,69,192,0,0.29,2,1
33,81,192,1,0.21,2,0
33,69,163,1,0.77,1,1
20,70,182,0,0.25,5,1
37,73,188,0,0.87,1,1
39,71,184,1,0.10,6,0
18,63,186,0,0.13,4,1
37,83,181,1,0.98,2,0
28,85,173,1,0.67,4,0
34,78,163,0,0.85,4,1
25,71,174,1,0.32,3,0
21,68,207,0,0.68,6,1
23,68,175,0,0.59,3,0
25,99,160,0,0.60,4,0
37,84,187,0,0.68,2,1
20,67,189,0,0.58,4,0
33,77,193,0,0.43,6,0
20,71,185,1,0.28,3,0
35,81,188,1,0.77,2,1
31,80,198,1,0.23,4,1
35,86,173,1,0.69,5,0
19,66,171,0,0.23,6,0
39,76,169,1,0.63,6,0
20,58,177,1,0.75,5,1
33,62,194,1,0.22,4,1
26,84,185,0,0.06,6,0
21,65,185,1,0.13,2,1
18,67,162,0,0.61,4,1
21,75,173,1,0.85,4,1
18,82,162,0,0.04,3,1
31,64,192,0,0.73,6,0
38,40,196,1,0.34,6,1
33,66,188,0,0.48,5,1
37,87,170,0,0.93,3,0
25,78,195,1,0.33,3,0
24,88,177,1,0.47,6,1
20,64,168,1,0.01,4,1
34,59,170,0,0.08,3,0
18,80,176,0,0.26,5,0
33,77,180,0,0.03,3,0
29,78,178,1,0.63,5,1
36,84,166,0,0.43,3,1
39,79,192,0,0.55,5,0
39,79,178,0,0.17,3,1
31,82,173,0,0.30,3,0
23,80,191,0,0.66,2,1
23,84,168,0,0.97,5,0
30,85,164,0,0.05,5,0
36,90,193,1,0.89,5,1
39,69,199,1,0.58,1,1
25,80,175,1,0.56,3,1
19,71,180,0,0.50,5,1
38,67,169,0,0.07,6,1
18,68,180,1,0.09,1,1
32,80,175,0,0.60,2,0
18,79,179,1,0.34,5,1
22,79,184,0,0.92,5,0
33,73,169,0,0.41,1,0
36,75,176,1,0.14,3,1
21,83,162,1,0.71,6,0
20,60,176,1,0.29,2,0
34,75,179,1,0.53,5,1
34,76,182,1,0.70,3,1
29,83,182,0,0.90,6,1
31,61,189,0,0.79,6,0
38,90,165,0,0.68,2,1
23,77,165,1,0.68,4,1
20,78,185,1,0.95,6,1
26,71,160,1,0.30,4,1
22,80,182,1,0.00,6,0
34,75,168,1,0.27,2,1
31,87,196,1,0.22,1,0
38,61,183,0,0.66,2,1
20,77,178,0,0.63,2,0
18,79,192,0,0.59,1,0
37,73,169,0,0.02,1,0
38,71,171,0,0.73,3,1
18,71,167,1,0.32,6,0
20,77,171,1,0.67,3,1
35,57,181,1,0.56,1,1
27,85,185,1,0.34,4,1
39,70,190,1,0.13,4,1
20,76,162,1,0.09,2,1
25,79,178,0,0.83,5,0
31,70,169,1,0.92,2,1
35,74,178,1,0.65,2,0
32,55,203,1,0.10,5,0
39,82,183,1,0.40,6,0
19,86,189,0,0.73,1,0
27,58,200,0,0.78,4,0
19,71,191,1,0.12,2,0
34,63,176,0,0.00,5,0
25,73,167,0,0.71,3,1
18,81,180,1,0.36,2,0
26,85,174,1,0.25,4,1
28,86,165,1,0.01,1,0
39,88,182,1,0.54,2,0
33,73,183,1,0.85,2,0
24,64,198,0,0.96,6,0
27,74,176,1,0.57,5,1
20,81,183,1,0.51,3,1
35,63,173,1,0.09,3,1
30,92,189,0,0.55,1,0
24,84,179,1,0.38,4,0
21,73,168,1,0.61,1,0
30,68,180,1,0.39,2,1
37,68,184,0,0.24,2,0
18,76,183,1,0.09,3,1
25,73,190,1,0.31,4,1
31,85,166,1,0.10,5,0
33,72,172,0,0.18,4,0
31,80,186,1,0.99,2,1
29,75,173,1,0.44,5,1
36,78,182,1,0.53,4,1
32,73,156,0,0.87,4,0
19,82,207,1,1.00,5,0
19,82,177,1,0.58,2,0
39,80,192,1,0.81,4,0
36,81,177,0,0.33,5,0
39,66,184,0,0.31,6,0
39,78,195,1,0.40,6,1
34,87,192,0,0.67,2,1
37,80,178,0,0.68,5,1
27,65,179,0,0.32,6,0
23,75,190,1,0.13,5,1
32,79,203,1,0.63,4,0
39,67,182,0,0.13,2,0
28,61,200,0,0.58,6,1
22,72,178,0,0.69,4,0
18,68,190,1,0.70,1,1
25,75,191,1,0.75,1,1
38,59,176,0,0.87,2,0
29,81,173,0,0.50,6,1
29,69,191,0,0.73,6,1
22,85,175,0,0.62,6,1
24,72,171,1,0.19,5,1
21,75,173,0,0.03,4,0
23,73,175,1,0.28,6,1
30,68,189,0,0.44,4,1
37,100,185,0,0.62,2,1
32,70,187,0,0.85,6,0
20,85,184,0,0.20,2,1
25,64,174,0,0.13,6,0
37,79,187,1,0.96,1,1
33,80,192,0,0.11,3,1
30,75,186,0,0.48,2,1
35,69,184,0,0.59,6,0
27,72,172,1,0.54,3,0
36,71,182,1,0.09,2,0
34,99,172,1,0.06,5,0
36,75,180,1,0.11,6,0
22,80,164,0,0.59,5,0
38,93,164,0,0.54,1,1
26,66,178,0,0.23,6,0
29,75,175,1,0.64,1,1
38,72,181,0,0.82,3,0
18,74,179,0,0.04,2,0
18,73,180,1,0.50,4,0
32,68,186,1,0.69,1,1
19,77,175,1,0.25,4,0
39,64,178,0,0.31,4,0
33,85,195,0,0.61,2,1
25,81,180,1,0.90,3,1
30,70,178,0,0.81,2,1
38,71,181,1,0.58,6,1
18,78,178,1,0.73,1,0
33,67,173,0,0.36,4,1
24,93,170,1,0.64,2,0
22,79,172,1,0.47,2,0
39,79,189,1,0.19,2,1
20,82,174,0,0.70,1,0
29,69,178,1,0.56,3,1
33,86,187,1,0.36,2,0
36,76,177,1,0.91,1,1
22,85,186,1,0.02,4,1
39,73,165,1,0.32,6,1
31,88,179,1,0.06,5,1
22,79,181,1,0.77,1,1
32,97,180,0,0.70,5,1
34,71,163,0,0.33,2,0
31,77,192,1,0.68,2,0
37,65,171,0,0.40,1,0
22,70,183,0,0.76,5,1
29,81,180,1,0.45,2,0
33,86,190,0,0.41,4,1
33,105,202,1,0.93,3,0
38,74,167,1,0.25,3,0
24,66,174,1,0.12,2,1
21,83,182,1,0.58,5,0
18,64,169,1,0.97,6,0
22,81,188,0,0.38,2,0
27,70,188,1,0.06,6,1
39,77,186,0,0.34,6,0
22,86,182,1,0.51,5,1
21,74,194,1,0.16,6,0
19,84,168,1,0.66,4,0
37,84,181,0,1.00,5,0
27,56,173,1,0.45,2,0
36,66,189,1,0.35,4,1
18,59,162,1,0.40,1,0
22,95,180,1,0.12,3,1
30,74,183,0,0.88,2,1
21,93,171,1,0.41,2,0
33,59,174,0,0.39,2,0
33,69,180,1,0.66,4,1
19,83,190,0,0.44,1,1
34,77,170,0,0.65,5,0
37,80,171,1,0.06,1,0
29,62,191,1,0.81,4,0
35,89,177,0,0.94,2,0
20,83,172,1,0.65,3,0
18,79,187,1,0.95,2,1
18,68,175,1,0.15,5,0
36,78,190,0,0.48,6,0
28,72,173,1,0.60,3,1
22,58,178,1,0.58,2,0
29,74,189,1,0.40,3,0
20,73,178,0,0.34,6,1
18,86,188,1,0.13,1,0
18,53,179,0,0.39,4,1
25,77,200,1,0.16,2,0
27,63,196,0,0.73,5,0
28,78,167,1,0.21,1,0
29,79,185,1,0.06,2,1
30,74,172,0,0.55,1,1
29,83,182,0,0.60,5,1
31,63,181,0,0.87,2,1
19,86,169,1,0.58,6,0
36,68,191,1,0.35,6,1
35,59,182,1,0.80,5,1
20,72,177,1,0.54,3,1
34,54,176,0,0.08,5,0
25,78,181,1,0.57,3,0
27,72,184,1,0.91,2,1
19,87,179,1,0.40,3,1
36,81,152,1,0.30,2,0
26,61,180,1,0.14,2,1
24,67,166,1,0.15,4,1
21,80,178,1,0.43,2,1
38,83,166,0,0.60,3,1
35,87,166,1,0.08,4,0
30,87,192,1,0.94,4,0
28,74,177,1,0.76,2,0
21,79,176,1,0.59,5,1
38,88,185,0,0.83,5,1
21,72,176,0,0.08,6,0
27,79,201,0,0.48,4,0
22,72,177,0,0.63,2,0
26,69,184,0,0.83,5,1
20,75,190,0,0.78,2,0
34,68,196,1,0.28,2,1
20,74,173,0,0.94,4,1
33,65,176,0,0.12,6,0
21,73,193,1,0.88,4,0
35,79,188,0,0.97,1,1
34,69,191,1,0.18,5,0
24,75,166,1,0.72,5,0
22,76,195,0,0.04,5,1
29,80,172,1,0.41,3,1
34,74,182,0,0.52,2,1
30,86,179,0,0.58,4,1
20,54,171,1,0.94,5,1
26,104,166,1,0.67,1,0
34,66,163,0,0.48,5,1
34,79,181,1,0.81,6,1
37,66,165,1,0.95,2,1
33,81,169,0,0.02,2,0
39,78,178,0,0.98,4,1
30,68,154,1,0.09,3,1
36,86,188,0,0.81,4,1
34,73,156,0,0.28,5,0
21,80,179,0,0.13,6,1
29,66,180,0,0.44,1,1
26,75,185,0,0.64,4,1
36,95,180,0,0.38,3,0
29,85,200,0,0.05,4,0
26,78,182,1,0.60,2,0
24,71,191,0,0.90,5,0
31,76,173,1,0.38,5,1
37,77,181,1,0.22,5,1
36,79,195,1,0.44,5,0
32,64,178,0,0.05,5,0
33,82,182,0,0.82,5,1
38,64,190,1,0.83,1,1
22,91,173,0,0.59,3,0
20,67,158,1,0.35,5,0
29,78,183,0,0.80,3,0
37,85,190,0,0.55,6,0
38,72,166,1,0.83,5,1
21,78,187,1,0.63,4,0
38,89,187,1,0.78,5,0
33,81,157,0,0.60,2,1
24,79,171,1,0.41,1,1
30,58,176,0,0.96,4,1
38,66,178,0,0.54,4,1
27,85,173,0,0.61,2,1
24,81,172,1,0.22,5,0
31,82,197,1,0.63,1,0
22,81,179,1,0.57,4,0
20,88,173,0,0.18,1,1
28,72,180,0,0.06,4,0
28,76,185,1,0.60,5,1
35,65,181,0,0.76,6,0
32,62,178,0,0.52,4,0
29,59,173,1,0.23,6,1
26,66,173,1,0.67,4,1
27,91,174,1,0.08,3,0
29,59,183,0,0.44,5,0
34,72,170,0,0.16,2,0
23,62,184,0,0.18,6,0
24,69,194,0,0.20,2,0
31,77,183,0,0.39,5,1
30,68,176,1,0.05,2,1
25,86,167,0,0.40,5,1
27,90,196,0,0.51,2,1
26,53,168,0,0.48,6,0
35,68,188,1,0.38,3,0
19,76,186,1,0.84,2,1
22,86,178,1,0.15,6,0
22,70,177,0,0.51,4,1
23,75,162,1,0.06,5,0
36,63,183,1,0.07,1,0
25,60,186,1,0.57,1,0
33,89,169,0,0.57,5,1
30,57,178,1,0.88,3,1
18,98,180,0,0.56,2,1
39,82,186,0,0.96,3,1
37,82,180,1,0.05,1,0
34,81,164,0,0.10,6,0
24,72,175,1,0.04,5,0
30,79,182,0,0.19,5,0
21,73,188,1,0.54,3,1
21,81,174,1,0.65,6,0
23,75,202,1,0.05,3,0
36,65,161,0,0.95,2,0
29,66,174,1,0.84,4,1
39,65,179,0,0.30,6,1
24,85,178,1,0.08,4,1
27,69,168,0,0.17,2,0
36,56,184,0,0.13,4,1
24,79,184,1,0.12,1,0
20,90,180,1,0.52,4,0
30,83,183,1,0.25,2,0
30,69,176,1,0.36,4,1
35,59,164,1,0.99,5,1
37,74,173,0,0.68,3,0
25,73,182,1,0.95,1,0
26,65,182,1,0.14,5,1
24,81,180,0,0.38,5,1
18,93,185,1,0.55,2,1
20,77,174,1,0.08,3,0
30,77,180,0,0.00,3,0
34,66,186,1,0.67,6,0
18,89,179,1,0.64,1,1
23,74,168,1,0.41,2,1
38,69,170,0,0.49,1,1
23,76,188,1,0.42,6,0
29,80,194,0,0.02,4,0
30,76,192,1,0.34,5,1
30,87,182,0,0.18,1,0
32,79,168,1,0.10,5,1
38,72,180,0,0.96,2,0
33,79,196,0,0.60,4,1
39,80,186,0,0.73,2,0
38,62,178,0,0.32,4,0
28,86,186,0,0.39,4,1
22,72,167,0,0.24,5,1
21,72,173,1,0.10,2,1
20,83,169,1,0.18,2,1
36,82,185,0,0.80,1,1
37,68,187,0,0.68,2,0
35,83,178,0,0.55,1,1
32,69,171,0,0.48,3,1
26,93,180,1,0.92,3,1
34,67,175,0,0.07,3,0
31,77,172,1,0.28,6,1
32,67,183,1,0.35,2,1
18,97,172,0,0.78,6,1
38,63,164,0,0.99,2,0
39,80,167,1,0.24,1,0
39,68,164,1,0.87,6,1
20,71,182,0,0.83,6,0
33,80,182,0,0.22,6,1
28,87,181,0,0.40,4,0
29,91,186,1,0.41,1,1
27,60,192,1,0.98,3,0
33,78,174,0,0.18,1,1
25,90,184,1,0.80,4,1
23,58,164,1,0.33,2,0
29,78,194,0,0.73,1,1
38,75,168,0,0.42,6,1
25,79,173,1,0.58,3,1
21,67,174,1,0.83,3,1
25,61,165,0,0.80,2,0
35,56,180,0,0.87,1,1
22,85,182,0,0.06,4,0
26,86,178,0,0.69,2,0
21,78,165,0,0.14,1,0
39,70,200,1,0.42,5,0
34,59,185,1,0.55,3,1
26,81,206,1,0.40,4,1
18,64,172,1,0.52,6,0
38,68,190,0,1.00,4,1
37,69,188,0,0.14,6,0
30,73,177,0,0.68,4,1
33,67,194,1,0.40,3,1
30,75,176,1,0.13,6,1
31,69,176,1,0.16,1,0
20,82,145,0,0.95,6,0
23,85,184,1,0.88,2,1
35,76,167,0,0.91,1,0
36,80,174,0,0.99,2,0
22,96,170,0,0.21,4,1
32,63,176,0,0.36,1,0
19,63,184,0,0.67,4,1
27,82,180,0,0.48,5,1
35,94,187,1,0.42,4,1
30,72,193,0,0.36,4,0
22,92,176,0,0.59,2,1
18,76,175,1,0.58,6,1
39,68,190,0,0.16,5,0
18,65,190,1,0.47,4,0
35,81,187,1,0.55,4,0
32,66,170,1,0.57,5,0
34,76,184,0,0.21,5,1
28,91,181,0,0.74,1,0
38,72,191,1,0.03,2,0
39,88,174,0,0.35,5,0
34,63,163,0,0.78,5,0
30,70,187,1,0.56,3,1
18,61,154,1,0.26,6,0
19,76,173,0,0.69,5,1
26,83,170,1,0.57,2,0
20,76,170,1,0.80,6,1
18,87,173,1,0.74,6,1
38,68,192,0,0.61,4,0
33,77,188,0,0.49,4,1
23,70,177,0,0.13,4,0
34,79,191,1,0.26,4,1
22,80,169,0,0.42,3,1
22,81,168,1,0.60,5,1
23,64,189,0,0.51,4,0
20,66,186,0,0.29,1,1
38,68,175,1,0.01,4,0
22,73,169,0,0.50,5,1
38,76,195,1,0.29,4,1
22,82,163,0,0.73,3,1
27,67,174,0,0.02,2,1
27,59,182,1,0.58,2,1
36,97,198,1,0.94,5,1
34,64,184,1,0.17,2,0
38,83,185,0,0.47,2,0
31,75,174,0,0.09,1,0
26,78,186,0,0.63,5,1
31,75,181,1,0.55,5,0
18,71,164,1,0.41,2,1
36,80,188,1,0.52,2,0
30,71,190,0,0.90,2,0
30,87,188,0,0.20,6,1
21,81,180,1,0.02,3,1
18,81,170,0,0.86,4,0
34,70,157,1,0.58,3,0
25,73,182,0,0.89,5,0
19,63,191,0,0.60,1,0
25,71,190,1,0.81,4,1
24,65,188,0,0.43,1,0
19,88,179,0,0.75,6,1
39,76,191,1,0.91,5,1
39,77,189,1,0.57,6,0
20,73,176,0,0.18,5,1
35,77,187,1,0.27,1,0
29,100,175,0,0.20,1,1
18,72,185,1,0.25,1,1
39,68,167,0,0.31,5,0
29,80,168,0,0.56,2,1
22,50,191,1,0.59,1,1
34,76,189,0,0.43,6,0
33,71,186,0,0.62,4,1
32,65,181,1,0.08,5,1
32,80,156,1,0.09,6,0
22,76,179,0,0.17,3,0
38,57,185,1,0.52,3,1
31,69,175,1,0.21,4,1
19,46,173,0,0.28,2,1
28,78,194,0,0.40,1,0
36,78,179,1,0.81,5,1
24,67,185,1,0.01,6,1
23,80,188,1,0.65,1,1
19,62,170,0,0.67,6,1
23,65,182,0,0.80,5,1
35,79,193,0,0.93,3,1
19,68,198,0,0.02,1,0
35,74,180,0,0.15,4,0
32,69,178,0,0.89,2,1
36,71,183,0,0.46,4,1
19,71,182,1,0.56,2,0
37,68,194,1,0.66,6,0
23,78,170,0,0.68,1,0
18,69,177,0,0.93,1,1
32,75,169,0,1.00,2,1
27,68,170,1,0.72,3,1
36,60,184,0,0.29,5,1
34,84,188,1,0.88,4,0
22,80,174,1,0.05,6,0
21,98,188,1,0.23,4,0
27,65,191,1,0.90,4,0
34,73,199,1,0.26,6,1
27,74,181,0,0.22,6,1
34,85,174,0,0.14,1,0
37,70,170,1,0.86,4,0
22,63,169,0,0.50,5,0
19,87,192,1,0.67,5,0
23,72,165,1,0.24,2,0
38,84,192,0,0.76,6,1
19,83,171,0,0.76,1,1
30,75,173,0,0.31,5,0
28,73,178,0,0.41,3,0
28,71,173,0,0.21,1,0
33,75,189,1,0.98,1,1
28,84,198,0,0.65,5,1
36,67,173,0,0.93,3,1
32,76,176,0,0.30,2,0
33,64,178,1,0.78,5,1
28,65,185,0,0.77,3,0
39,75,178,1,0.69,1,1
33,55,194,0,0.97,3,1
25,96,191,0,0.39,1,1
21,63,168,1,0.13,5,0
25,75,185,0,0.67,6,0
21,87,195,0,0.73,5,1
20,66,175,1,0.58,4,0
20,52,177,0,0.21,4,0
35,71,175,1,0.50,4,0
36,66,175,1,0.31,5,0
36,52,163,1,0.43,2,0
38,78,167,1,0.65,5,0
22,77,181,1,0.75,6,0
35,86,195,0,0.23,3,1
27,64,174,0,0.41,5,0
39,59,174,0,0.27,5,0
38,71,197,1,0.20,1,1
23,74,169,1,0.78,1,1
18,84,163,1,0.91,1,1
22,89,172,1,0.37,5,1
26,87,173,0,0.75,2,0
29,78,163,0,0.90,3,1
31,83,179,1,0.85,3,1
19,69,189,1,0.18,6,0
34,77,167,0,0.96,2,0
31,63,181,1,0.38,2,0
30,76,184,1,0.34,3,1
26,76,179,1,0.06,4,0
32,92,182,0,0.49,1,1
39,73,182,0,0.11,1,0
32,76,172,1,0.25,3,0
28,77,195,0,0.32,2,1
33,70,192,1,0.81,6,0
34,67,192,1,0.88,4,0
21,88,190,0,0.30,3,0
18,65,164,1,0.86,1,0
25,62,189,1,0.86,5,0
34,82,187,0,0.76,2,1
20,87,165,1,0.15,5,1
37,70,178,1,0.69,6,0
32,71,183,1,0.95,3,1
32,78,197,0,0.68,1,1
39,68,187,1,0.33,4,1
31,67,171,0,0.50,5,0
31,84,197,1,0.65,4,0
19,81,180,1,0.51,6,0
30,88,177,1,0.12,1,1
31,62,177,1,0.31,5,1
36,70,164,0,0.80,6,0
24,78,179,0,0.86,4,0
20,66,185,1,0.14,4,1
32,81,176,1,0.95,5,1
31,87,184,1,0.33,1,0
28,69,171,1,0.66,4,1
32,75,179,1,0.75,3,1
30,90,183,1,0.81,6,1
35,93,182,1,0.95,5,1
23,82,164,1,0.31,2,1
20,81,176,0,0.86,2,1
36,66,197,0,0.13,1,1
32,79,175,0,0.71,3,0
22,81,180,1,0.74,4,0
27,73,179,1,0.68,2,1
24,69,196,1,0.25,1,1
34,62,193,0,0.87,6,1
24,58,188,1,0.17,3,0
39,56,170,0,0.05,3,0
29,81,184,1,0.72,1,1
34,76,186,0,0.48,1,0
30,70,173,0,0.85,4,1
37,72,171,0,0.38,1,1
21,77,197,1,0.17,4,1
27,73,177,0,0.84,4,1
20,62,196,1,0.55,5,1
26,84,190,1,0.19,3,1
30,78,184,1,0.72,6,1
35,78,185,1,0.51,3,0
32,83,166,1,0.60,3,1
21,67,182,0,0.46,5,0
32,87,194,1,0.83,4,1
39,74,187,1,0.83,4,1
19,84,182,1,0.71,1,0
32,82,197,1,0.11,5,0
25,65,178,1,0.84,1,1
25,80,174,0,0.67,5,0
34,78,182,0,0.70,1,1
29,75,188,1,0.36,2,1
36,74,163,0,0.88,3,0
27,74,183,0,0.73,3,0
26,83,188,1,0.11,6,0
22,81,177,0,0.41,4,0
23,75,191,1,0.89,6,1
37,60,186,0,0.05,2,0
19,80,201,0,0.96,6,0
30,82,172,0,0.68,3,0
23,98,188,1,0.63,4,0
22,86,170,0,0.27,2,0
18,56,164,0,0.25,3,1
38,76,160,1,0.94,1,1
39,93,185,1,0.30,5,0
38,81,182,0,0.78,2,0
23,78,175,1,0.39,4,1
23,84,162,0,0.14,6,0
33,69,173,0,0.01,6,1
21,80,180,1,0.54,2,1
28,72,188,1,0.98,4,0
26,75,180,1,0.37,2,1
20,83,183,0,0.36,4,0
36,66,176,1,0.34,6,0
25,88,197,0,0.52,3,1
22,71,170,1,0.44,1,1
21,78,173,0,0.88,3,0
23,61,175,1,0.51,1,1
19,82,185,0,0.51,6,0
37,89,170,1,0.14,3,1
28,70,181,0,0.98,3,1
21,64,182,1,0.25,2,0
32,78,173,1,0.07,5,0
23,90,183,0,0.66,6,0
39,61,170,1,0.60,4,1
34,64,169,0,0.42,6,0
23,70,181,0,0.42,4,0
36,67,163,1,0.79,4,1
19,67,159,0,0.20,1,1
32,54,185,1,0.82,4,0
28,81,190,1,0.65,4,0
25,78,175,0,0.42,2,0
36,58,173,1,0.46,3,0
30,90,190,0,0.26,6,1
29,92,169,0,0.75,6,1
22,67,166,1,0.51,4,0
23,87,187,1,0.32,5,0
39,69,180,0,0.60,6,0
21,77,191,0,1.00,4,1
36,67,159,1,0.44,1,0
37,97,166,1,0.92,1,0
18,72,180,1,0.35,1,1
37,76,184,1,0.05,4,1
34,68,188,0,0.20,2,0
29,94,182,1,0.42,5,0
32,94,182,0,0.22,4,1
18,91,176,0,0.00,2,0
31,85,196,1,0.92,2,0
23,69,169,0,0.84,6,1
22,83,184,1,0.74,4,1
28,75,170,0,0.17,4,1
21,88,185,1,0.12,2,0
30,86,170,0,0.07,2,1
28,69,187,0,0.72,2,1
20,84,181,1,0.93,6,0
18,82,197,1,0.43,4,0
23,47,177,0,0.12,2,1
35,83,184,0,0.51,1,1
27,71,172,1,0.35,4,0
22,66,177,0,0.37,6,0
27,67,181,1,0.62,1,1
29,74,165,0,0.72,3,1
19,80,166,1,0.11,4,0
30,61,186,0,0.04,3,1
25,77,179,1,0.99,2,0
19,81,174,1,0.23,6,1
37,94,173,0,0.05,2,0
18,64,173,1,0.19,6,0
22,72,181,0,0.04,5,1
26,78,184,1,0.39,2,1
34,86,159,1,0.80,3,0
26,72,194,1,0.34,6,1
28,87,193,0,0.44,2,1
32,56,157,1,0.68,4,1
23,62,191,0,0.51,6,0
20,78,191,1,0.86,6,1
34,61,180,0,0.87,2,1
22,63,167,0,0.01,5,0
29,70,190,0,0.78,2,1
35,83,178,1,0.46,3,1
31,56,185,0,0.99,3,0
38,77,202,1,0.48,6,0
28,85,183,0,0.99,6,1
26,73,171,0,0.75,2,1
19,71,177,0,0.25,3,0
29,79,172,0,0.54,3,0
20,73,184,1,0.99,5,1
20,89,172,0,0.86,4,1
18,64,175,0,0.10,5,1
25,74,167,1,0.71,1,0
39,77,179,0,0.35,5,1
25,71,182,0,0.01,2,0
28,46,153,0,0.40,4,0
26,73,183,0,0.23,2,0
22,84,180,1,0.82,1,1
31,83,172,1,0.34,4,1
20,79,200,0,0.83,6,1
38,64,190,1,0.00,3,0
22,79,169,1,0.31,5,1
22,69,188,0,0.24,2,0
36,79,192,1,0.23,1,0
31,76,181,0,0.07,3,0
21,65,184,1,0.19,5,0
30,66,183,1,0.56,3,0
27,79,159,1,0.29,5,0
35,73,178,0,0.42,6,1
25,67,178,1,0.38,4,0
25,66,194,0,0.88,3,1
24,72,183,0,0.91,3,0
25,91,177,1,0.49,3,1
31,70,179,0,0.33,4,1
36,75,190,1,0.11,1,1
23,76,178,0,0.95,5,1
18,64,173,0,0.06,6,0
32,57,177,1,0.30,3,0
18,65,189,1,0.30,4,0
34,77,185,1,0.32,1,0
18,76,180,1,0.16,5,1
32,82,182,0,0.78,4,1
19,76,174,0,0.12,6,1
31,74,178,0,0.63,6,0
38,69,173,1,0.12,5,1
25,84,177,0,0.07,3,0
25,66,193,1,0.91,6,1
36,64,169,0,0.19,1,1
24,81,173,1,0.82,4,1
36,62,167,0,0.54,1,1
23,99,165,0,0.08,3,1
23,76,178,1,0.96,1,0
20,78,174,0,0.25,1,1
24,67,198,1,0.86,2,0
36,72,177,0,0.17,1,0
